,following
0,binance
1,winklevoss
2,winklevosscap
3,LucreziaCorner
4,CointelegraphAr
5,montymetzger
6,gladkos
7,userpig
8,PurpleSuede22
9,coinandcrypto
10,cdixon
11,t_tags
12,cryder_io
13,realDonaldTrump
14,gavinandresen
15,NicolasDorier
16,AddyCrezee
17,JamesGRickards
18,GettyImages
19,kewlfocus
20,Marvel
21,CaseyNeistat
22,sepa4corporates
23,opokuware10
24,Princemanas99
25,realAlexworld
26,JStuhlman
27,eric_lombrozo
28,DavidSonstebo
29,rusty_twit
30,conexivist
31,Bitvest_Inc
32,wankidd
33,BitcoinMagazine
34,tatianacoin
35,CatherRoss
36,tabali_tigi
37,mattdoddato
38,primalbasehq
39,zooko
40,lopp
41,jackfru1t
42,Xentagz
43,TiffanyWinman
44,Excellion
45,DeloitteDigi_DE
46,adam3us
47,mandeleil
48,bobbyclee
49,Dashpay
50,sasha35625
51,amandagutterman
52,paulvigna
53,IOHK_Charles
54,super3
55,Tierion
56,storjproject
57,FEhrsam
58,c0nand0yle
59,VeroBTC
60,reyvas
61,alansilbert
62,Mytradersblog
63,ibragimoff2030
64,AlternativeCoin
65,sinobiology2
66,Eco_Currency
67,sabcoin
68,eth_classic
69,enisa_eu
70,cnLedger
71,EthereumClassic
72,ChandlerGuo
73,GrayscaleETC
74,jer979
75,KirkDBorne
76,pdacosta
77,TuurDemeester
78,simonlporter
79,v_shakthi
80,VinnyLingham
81,GrowMap
82,ruskin147
83,alexpuig
84,chadfowler
85,mikko
86,AlecJRoss
87,rwang0
88,evankirstel
89,geoff_deweaver
90,mitchjoel
91,lisabriercliffe
92,johnrampton
93,postchup
94,VitalikButerin
95,ValaAfshar
96,dtapscott
97,ericries
98,ArkangelScrap
99,pmarca
100,jowyang
101,fredwilson
102,timoreilly
103,bceasia
104,blockchain
105,BlockShowcom
106,keith_mc_g
107,AKWAnalytics
108,WilliamSuberg
109,NickAyton
110,WallofCoins
111,stevewoz
112,angusleung100
113,odzer
114,ryanxcharles
115,openbazaar
116,bitwala
117,EvanderSmart
118,DeloitteOnTech
119,SlushHQ
120,bravenewcoin
121,bitshareshub
122,arcticstartup
123,DeloitteBA
124,iykearu
125,money2020
126,lifeatdeloitte
127,DeloitteUS
128,KPMG_US
129,EYnews
130,Accenture
131,PwCUS
132,KPMG
133,Deloitte
134,laurashin
135,jamieCrypto
136,jjacob47
137,ShapeShift_io
138,SunnyRayShow
139,MyBitNation
140,RamonQuesadaT
141,BullBearAnalyst
142,iamjosephyoung
143,smatthewenglish
144,DECENTplatform
145,aaron_koenig
146,NikolausK
147,matmichalko
148,ExpanseOfficial
149,The_DAO_Project
150,LiskHQ
151,theirishdivil
152,Corpetty
153,Fergulati
154,MojinCello
155,thebtcpodcast
156,LondonFintech
157,KyperTech
158,RebeccaCambel
159,marthatcher
160,DSarle
161,MadsEmiil
162,arctic15
163,funderbeam
164,Richtopia
165,brianchoffman
166,rickcrites
167,startupeddy
168,OneMorePeter
169,Mary_Sem3
170,EntryistAC
171,AmeTomasicchio
172,olusegunisrael
173,ArcadeCityHall
174,TheDesertLynx
175,UpholdInc
176,Blockstream
177,factom
178,stephantual
179,ethereum
180,MankoffCompany
181,prestonjbyrne
182,Bitwage
183,brockpierce
184,NeuCoin
185,cecilebaird
186,Snowden
187,investors_angel
188,A_Raserei
189,AugurProject
190,ToneVays
191,keynote_ae
192,coinffeine
193,EricGrill
194,geoburke
195,BraytonKey
196,SkyeElijah
197,danheld
198,jgarzik
199,barrysilbert
200,damianmerlak
201,sammantic
202,spair
203,FrankSchuil
204,martin_polacek1
205,richardbranson
206,BTCsx
207,blockstrap
208,TweetJoeLee
209,colinkwan
210,magnr
211,SatoshiLite
212,bitcoin4africa
213,NickSzabo4
214,KimDotcom
215,IanDeMartino
216,DHQNgo
217,bitcoinister
218,mikebutcher
219,Vaultoro
220,dgwbirch
221,yanisvaroufakis
222,maxkeiser
223,avissbtc
224,AaronvanW
225,WomenInBitcoin
226,fuelcoinNEWS
227,blockio
228,bitjson
229,CasheerApp
230,CCNProject
231,CoinTelegraphRu
232,arcointeam
233,brucefenton
234,coinbeam
235,MarkDavidLamb
236,_JohnWhelan
237,DNotesCoin
238,RockSolidMiners
239,DigiByteCoin
240,olivierjanss
241,eobot
242,bensonsamuel
243,FrankoCurrency
244,itBit
245,ANX_PRO
246,coinsetter
247,btcecom
248,BitCoinada
249,asliceofmellon
250,GigaBitcoin
251,kpoulsen
252,victoriavaneyk
253,sovryntech
254,joinverse
255,ActualBitcoin
256,markjeffrey
257,coingecko
258,Coinkite
259,twobitidiot
260,Swarm
261,seb2point0
262,martindale
263,jespow
264,LamassuBTC
265,EitanJan
266,peterktodd
267,marciahofmann
268,brianeklein
269,BitcoinCartoon
270,BTC_de_Blog
271,TonyUphoff
272,auroracoinIS
273,BitcoinRat
274,btcven
275,_ScottRyan
276,SimonDixonTwitt
277,zeroblock
278,niccary
279,gelenbe
280,brian_armstrong
281,Bitstamp
282,MadBitcoins
283,Pecuniology
284,michaelterpin
285,chijs
286,wences
287,rogerkver
288,Fred_Mazo
289,ButterflyLabs
290,ErikVoorhees
291,conniegallippi
292,MattSlater
293,CharlieShrem
